"Location","PASFR","Births"
"Denmark",0.03,0.07
"Denmark",0.039,0.097
"Denmark",0.042,0.085
"Denmark",0.043,0.141
"Denmark",0.056,0.163
"Denmark",0.06,0.2
"Denmark",0.07,0.223
"India",0.084,NA
"India",0.085,NA
"India",0.089,NA
"India",0.096,NA
"Denmark",0.097,0.347
"Denmark",0.101,0.349
"India",0.108,NA
"Denmark",0.124,0.486
"India",0.126,NA
"India",0.134,NA
"India",0.137,NA
"India",0.138,NA
"India",0.144,NA
"India",0.148,NA
"India",0.149,NA
"India",0.16,NA
"India",0.17,NA
"Denmark",0.175,0.625
"India",0.175,NA
"Denmark",0.177,0.691
"India",0.177,NA
"India",0.181,NA
"India",0.183,NA
"India",0.186,NA
"India",0.187,NA
"India",0.187,NA
"India",0.188,NA
"India",0.19,NA
"India",0.192,NA
"India",0.199,NA
"India",0.199,NA
"Denmark",0.206,0.771
"Denmark",0.209,0.735
"India",0.21,NA
"India",0.211,NA
"India",0.214,73.627
"India",0.214,147.336
"India",0.214,161.059
"India",0.214,167.099
"India",0.214,242.605
"India",0.214,248.63
"India",0.214,254.964
"India",0.214,271.792
"India",0.214,293.187
"India",0.214,NA
"India",0.223,85.22
"India",0.223,160.227
"India",0.223,173.359
"India",0.223,179.324
"India",0.223,251.894
"India",0.223,257.758
"India",0.223,263.927
"India",0.223,278.884
"India",0.223,297.217
"India",0.223,NA
"India",0.224,NA
"India",0.224,NA
"India",0.224,NA
"India",0.228,NA
"India",0.232,96.345
"India",0.232,175.297
"India",0.232,187.986
"India",0.232,193.87
"India",0.232,264.962
"India",0.232,271.586
"India",0.232,277.289
"India",0.232,291.233
"India",0.232,310.958
"India",0.232,NA
"India",0.235,NA
"India",0.237,NA
"India",0.24,NA
"India",0.24,NA
"India",0.24,NA
"India",0.241,106.68
"India",0.241,191.981
"India",0.241,204.256
"India",0.241,210.003
"India",0.241,280.753
"India",0.241,288.429
"India",0.241,293.517
"India",0.241,306.862
"India",0.241,333.135
"India",0.241,NA
"India",0.241,NA
"India",0.243,NA
"India",0.247,NA
"India",0.248,NA
"India",0.251,120.565
"India",0.251,208.844
"India",0.251,220.411
"India",0.251,225.933
"India",0.251,294.554
"India",0.251,303.162
"India",0.251,307.487
"India",0.251,319.958
"India",0.251,349.533
"India",0.251,NA
"Denmark",0.253,0.471
"Denmark",0.253,0.483
"Denmark",0.253,0.492
"Denmark",0.253,0.5
"Denmark",0.253,0.52
"Denmark",0.253,0.551
"Denmark",0.253,0.552
"Denmark",0.253,0.586
"Denmark",0.253,0.594
"Denmark",0.253,0.596
"Denmark",0.253,0.6
"Denmark",0.253,0.604
"Denmark",0.253,0.611
"Denmark",0.253,0.622
"Denmark",0.253,0.629
"Denmark",0.253,0.634
"Denmark",0.253,0.643
"Denmark",0.253,0.654
"Denmark",0.253,0.666
"Denmark",0.253,0.666
"Denmark",0.253,0.687
"Denmark",0.253,0.69
"Denmark",0.253,0.694
"Denmark",0.253,0.703
"Denmark",0.253,0.712
"Denmark",0.253,0.742
"Denmark",0.253,0.743
"Denmark",0.253,0.756
"Denmark",0.253,0.756
"Denmark",0.253,0.758
"Denmark",0.253,0.759
"Denmark",0.253,0.76
"Denmark",0.253,0.761
"Denmark",0.253,0.765
"Denmark",0.253,0.766
"Denmark",0.253,0.766
"Denmark",0.253,0.767
"Denmark",0.253,0.783
"Denmark",0.253,0.796
"Denmark",0.253,0.805
"Denmark",0.253,0.81
"Denmark",0.253,0.813
"Denmark",0.253,0.821
"Denmark",0.253,0.825
"Denmark",0.253,0.825
"Denmark",0.253,0.825
"Denmark",0.253,0.826
"Denmark",0.253,0.826
"Denmark",0.253,0.827
"Denmark",0.253,0.829
"Denmark",0.253,0.829
"Denmark",0.253,0.831
"Denmark",0.253,0.832
"Denmark",0.253,0.837
"Denmark",0.253,0.838
"Denmark",0.253,0.842
"Denmark",0.253,0.843
"Denmark",0.253,0.843
"Denmark",0.253,0.844
"Denmark",0.253,0.845
"Denmark",0.253,0.847
"Denmark",0.253,0.847
"Denmark",0.253,0.851
"Denmark",0.253,0.852
"Denmark",0.253,0.853
"Denmark",0.253,0.854
"Denmark",0.253,0.857
"Denmark",0.253,0.857
"Denmark",0.253,0.859
"Denmark",0.253,0.86
"Denmark",0.253,0.862
"Denmark",0.253,0.862
"Denmark",0.253,0.862
"Denmark",0.253,0.863
"Denmark",0.253,0.863
"Denmark",0.253,0.865
"Denmark",0.253,0.867
"Denmark",0.253,0.867
"Denmark",0.253,0.87
"Denmark",0.253,0.872
"Denmark",0.253,0.873
"Denmark",0.253,0.873
"Denmark",0.253,0.874
"Denmark",0.253,0.874
"Denmark",0.253,0.874
"Denmark",0.253,0.875
"Denmark",0.253,0.875
"Denmark",0.253,0.876
"Denmark",0.253,0.877
"Denmark",0.253,0.879
"Denmark",0.253,0.88
"Denmark",0.253,0.882
"Denmark",0.253,0.882
"Denmark",0.253,0.886
"Denmark",0.253,0.888
"Denmark",0.253,0.888
"Denmark",0.253,0.888
"Denmark",0.253,0.891
"Denmark",0.253,0.891
"Denmark",0.253,0.892
"Denmark",0.253,0.897
"Denmark",0.253,0.898
"Denmark",0.253,0.899
"Denmark",0.253,0.901
"Denmark",0.253,0.907
"Denmark",0.253,0.907
"Denmark",0.253,0.909
"Denmark",0.253,0.912
"Denmark",0.253,0.921
"Denmark",0.253,0.924
"Denmark",0.253,0.935
"Denmark",0.253,0.939
"Denmark",0.253,0.946
"Denmark",0.253,0.947
"Denmark",0.253,0.961
"Denmark",0.253,0.966
"Denmark",0.253,0.969
"Denmark",0.253,0.972
"Denmark",0.253,0.98
"Denmark",0.253,0.981
"Denmark",0.253,1.01
"Denmark",0.253,1.01
"Denmark",0.253,1.026
"Denmark",0.253,1.055
"Denmark",0.253,1.058
"Denmark",0.253,1.064
"Denmark",0.253,1.082
"Denmark",0.253,1.119
"Denmark",0.253,1.124
"Denmark",0.253,1.14
"Denmark",0.253,1.141
"Denmark",0.253,1.147
"Denmark",0.253,1.159
"Denmark",0.253,1.164
"Denmark",0.253,1.167
"Denmark",0.253,1.174
"Denmark",0.253,1.181
"Denmark",0.253,1.194
"Denmark",0.253,1.318
"Denmark",0.253,1.387
"Denmark",0.253,1.397
"Denmark",0.253,1.399
"Denmark",0.253,1.407
"Denmark",0.253,1.466
"Denmark",0.253,NA
"Denmark",0.253,NA
"Denmark",0.253,NA
"Denmark",0.253,NA
"Denmark",0.253,NA
"Denmark",0.253,NA
"Denmark",0.253,NA
"Denmark",0.253,NA
"Denmark",0.253,NA
"Denmark",0.253,NA
"Denmark",0.253,NA
"Denmark",0.253,NA
"Denmark",0.253,NA
"Denmark",0.253,NA
"Denmark",0.253,NA
"Denmark",0.253,NA
"Denmark",0.253,NA
"Denmark",0.253,NA
"Denmark",0.253,NA
"Denmark",0.253,NA
"Denmark",0.253,NA
"Denmark",0.253,NA
"Denmark",0.253,NA
"Denmark",0.253,NA
"Denmark",0.253,NA
"Denmark",0.253,NA
"Denmark",0.253,NA
"Denmark",0.253,NA
"Denmark",0.253,NA
"Denmark",0.253,NA
"Denmark",0.253,NA
"Denmark",0.253,NA
"Denmark",0.253,NA
"Denmark",0.253,NA
"Denmark",0.253,NA
"Denmark",0.253,NA
"Denmark",0.253,NA
"Denmark",0.253,NA
"Denmark",0.253,NA
"Denmark",0.253,NA
"Denmark",0.253,NA
"Denmark",0.253,NA
"Denmark",0.253,NA
"Denmark",0.253,NA
"Denmark",0.253,NA
"Denmark",0.253,NA
"Denmark",0.253,NA
"Denmark",0.253,NA
"Denmark",0.253,NA
"Denmark",0.253,NA
"Denmark",0.253,NA
"Denmark",0.253,NA
"Denmark",0.253,NA
"Denmark",0.253,NA
"Denmark",0.253,NA
"Denmark",0.253,NA
"Denmark",0.253,NA
"Denmark",0.253,NA
"Denmark",0.253,NA
"Denmark",0.253,NA
"Denmark",0.253,NA
"Denmark",0.253,NA
"Denmark",0.253,NA
"Denmark",0.253,NA
"Denmark",0.253,NA
"Denmark",0.253,NA
"Denmark",0.253,NA
"Denmark",0.253,NA
"Denmark",0.253,NA
"Denmark",0.253,NA
"Denmark",0.253,NA
"Denmark",0.253,NA
"Denmark",0.253,NA
"Denmark",0.253,NA
"Denmark",0.253,NA
"Denmark",0.253,NA
"Denmark",0.253,NA
"Denmark",0.253,NA
"Denmark",0.253,NA
"Denmark",0.253,NA
"India",0.254,NA
"India",0.255,NA
"India",0.259,NA
"India",0.26,NA
"India",0.26,NA
"India",0.263,140.276
"India",0.263,224.827
"India",0.263,235.136
"India",0.263,240.314
"India",0.263,304.961
"India",0.263,313.548
"India",0.263,317.285
"India",0.263,327.948
"India",0.263,351.703
"India",0.263,NA
"India",0.265,NA
"India",0.269,NA
"India",0.276,166.709
"India",0.276,240.955
"India",0.276,249.399
"India",0.276,254.2
"India",0.276,311.41
"India",0.276,320.095
"India",0.276,323.298
"India",0.276,331.354
"India",0.276,340.666
"India",0.276,NA
"India",0.278,NA
"India",0.28,NA
"India",0.28,NA
"India",0.283,NA
"India",0.283,NA
"India",0.289,NA
"India",0.292,191.336
"India",0.292,261.244
"India",0.292,268.293
"India",0.292,272.819
"India",0.292,326.8
"India",0.292,335.665
"India",0.292,338.494
"India",0.292,344.722
"India",0.292,345.249
"India",0.292,NA
"India",0.295,NA
"India",0.295,NA
"India",0.309,139.369
"India",0.309,258.083
"India",0.309,267.422
"India",0.309,272.002
"India",0.309,368.559
"India",0.309,387.825
"India",0.309,390.39
"India",0.309,401.875
"India",0.309,438.229
"India",0.309,NA
"India",0.309,NA
"India",0.311,215.205
"India",0.311,293.911
"India",0.311,300.573
"India",0.311,304.843
"India",0.311,363.159
"India",0.311,373.898
"India",0.311,375.966
"India",0.311,382.373
"India",0.311,385.942
"India",0.311,NA
"India",0.311,NA
"India",0.313,127.905
"India",0.313,246.022
"India",0.313,256.741
"India",0.313,261.763
"India",0.313,368.14
"India",0.313,387.857
"India",0.313,391.239
"India",0.313,404.807
"India",0.313,436.911
"India",0.313,NA
"India",0.313,NA
"India",0.319,NA
"India",0.319,NA
"India",0.326,160.49
"India",0.326,291.66
"India",0.326,300.388
"India",0.326,304.791
"India",0.326,397.589
"India",0.326,418.174
"India",0.326,419.565
"India",0.326,430.698
"India",0.326,483.718
"India",0.326,NA
"India",0.332,NA
"India",0.332,NA
"India",0.334,243.305
"India",0.334,331.53
"India",0.334,337.798
"India",0.334,341.748
"India",0.334,402.585
"India",0.334,415.384
"India",0.334,416.324
"India",0.334,423.238
"India",0.334,432.291
"India",0.334,NA
"India",0.338,122.982
"India",0.338,252.604
"India",0.338,265.877
"India",0.338,271.757
"India",0.338,398.646
"India",0.338,420.836
"India",0.338,425.548
"India",0.338,443.042
"India",0.338,480.943
"India",0.338,NA
"India",0.344,NA
"India",0.351,NA
"India",0.352,NA
"India",0.358,NA
"India",0.362,266.408
"India",0.362,361.82
"India",0.362,367.287
"India",0.362,370.635
"India",0.362,430.824
"India",0.362,445.187
"India",0.362,445.275
"India",0.362,452.003
"India",0.362,468.165
"India",0.362,NA
"India",0.363,NA
"India",0.367,NA
"India",0.368,201.013
"India",0.368,349.16
"India",0.368,357.405
"India",0.368,361.725
"India",0.368,453.729
"India",0.368,476.189
"India",0.368,476.476
"India",0.368,487.453
"India",0.368,557.897
"India",0.368,NA
"India",0.368,NA
"India",0.37,NA
"India",0.385,NA
"India",0.389,125.27
"India",0.389,278.161
"India",0.389,295.466
"India",0.389,302.831
"India",0.389,463.129
"India",0.389,490.005
"India",0.389,496.792
"India",0.389,520.582
"India",0.389,570.214
"India",0.389,NA
"India",0.396,292.007
"India",0.396,394.659
"India",0.396,399.176
"India",0.396,401.59
"India",0.396,459.255
"India",0.396,472.959
"India",0.396,474.661
"India",0.396,480.094
"India",0.396,506.345
"India",0.396,NA
"India",0.411,NA
"India",0.418,NA
"India",0.436,323.367
"India",0.436,434.03
"India",0.436,437.528
"India",0.436,439.055
"India",0.436,492.251
"India",0.436,505.401
"India",0.436,507.277
"India",0.436,511.365
"India",0.436,551.688
"India",0.436,NA
"India",0.443,276.001
"India",0.443,440.145
"India",0.443,447.383
"India",0.443,451.574
"India",0.443,541.285
"India",0.443,565.082
"India",0.443,566.227
"India",0.443,575.577
"India",0.443,656.398
"India",0.443,NA
"India",0.454,NA
"India",0.46,NA
"India",0.463,NA
"India",0.464,NA
"India",0.475,NA
"India",0.477,137.475
"India",0.477,325.979
"India",0.477,349.29
"India",0.477,359.059
"India",0.477,569.275
"India",0.477,602.972
"India",0.477,612.911
"India",0.477,646.132
"India",0.477,708.385
"India",0.477,NA
"India",0.483,NA
"India",0.485,358.15
"India",0.485,476.62
"India",0.485,479.029
"India",0.485,479.96
"India",0.485,525.137
"India",0.485,537.179
"India",0.485,538.864
"India",0.485,541.587
"India",0.485,599.908
"India",0.485,NA
"India",0.519,NA
"India",0.531,NA
"India",0.539,NA
"India",0.539,NA
"India",0.543,408.826
"India",0.543,506.34
"India",0.543,507.618
"India",0.543,508.135
"India",0.543,541.763
"India",0.543,551.631
"India",0.543,552.433
"India",0.543,553.827
"India",0.543,606.41
"India",0.543,NA
"India",0.57,414.788
"India",0.57,591.432
"India",0.57,596.251
"India",0.57,600.369
"India",0.57,682.78
"India",0.57,707.062
"India",0.57,708.38
"India",0.57,714.226
"India",0.57,795.971
"India",0.57,NA
"India",0.606,NA
"India",0.608,NA
"India",0.61,NA
"India",0.61,NA
"India",0.611,470.89
"India",0.611,532.717
"India",0.611,533.09
"India",0.611,533.266
"India",0.611,552.056
"India",0.611,557.764
"India",0.611,557.988
"India",0.611,558.378
"India",0.611,595.495
"India",0.611,NA
"India",0.612,NA
"India",0.622,162.766
"India",0.622,403.579
"India",0.622,435.984
"India",0.622,449.561
"India",0.622,736.755
"India",0.622,780.616
"India",0.622,795.974
"India",0.622,843.283
"India",0.622,914.894
"India",0.622,NA
"India",0.647,NA
"India",0.672,531.459
"India",0.69,566.768
"India",0.783,639.663
"India",0.783,853.286
"India",0.783,855.55
"India",0.783,859.87
"India",0.783,937.713
"India",0.783,964.559
"India",0.783,964.656
"India",0.783,967.215
"India",0.783,1071.436
"India",0.783,NA
"Denmark",0.818,1.97
"Denmark",0.82,1.924
"India",0.834,NA
"India",0.844,NA
"India",0.855,709.424
"India",0.855,NA
"India",0.86,206.586
"India",0.86,529.698
"India",0.86,576.937
"India",0.86,596.777
"India",0.86,1006.532
"India",0.86,1066.591
"India",0.86,1091.038
"India",0.86,1161.671
"India",0.86,1248.093
"India",0.86,NA
"India",0.885,NA
"India",0.945,NA
"India",0.995,825.924
"India",0.998,774.701
"Denmark",1.046,2.897
"Denmark",1.066,3.129
"India",1.077,762.815
"India",1.078,NA
"India",1.097,NA
"India",1.148,1091.996
"India",1.148,1354.938
"India",1.148,1356.365
"India",1.148,1360.772
"India",1.148,1447.844
"India",1.148,1477.931
"India",1.148,1479.276
"India",1.148,1479.488
"India",1.148,1620.446
"India",1.148,NA
"Denmark",1.17,3.512
"India",1.198,NA
"India",1.203,NA
"India",1.212,NA
"India",1.222,NA
"India",1.226,NA
"Denmark",1.229,1.516
"Denmark",1.229,1.554
"Denmark",1.229,1.587
"Denmark",1.229,1.634
"Denmark",1.229,1.698
"Denmark",1.229,1.778
"Denmark",1.229,1.847
"Denmark",1.229,1.908
"Denmark",1.229,1.95
"Denmark",1.229,1.991
"Denmark",1.229,2.088
"Denmark",1.229,2.236
"Denmark",1.229,2.4
"Denmark",1.229,2.44
"Denmark",1.229,2.577
"Denmark",1.229,2.625
"Denmark",1.229,2.705
"Denmark",1.229,2.71
"Denmark",1.229,2.813
"Denmark",1.229,2.899
"Denmark",1.229,2.923
"Denmark",1.229,2.935
"Denmark",1.229,2.945
"Denmark",1.229,3.032
"Denmark",1.229,3.128
"Denmark",1.229,3.188
"Denmark",1.229,3.228
"Denmark",1.229,3.349
"Denmark",1.229,3.354
"Denmark",1.229,3.354
"Denmark",1.229,3.355
"Denmark",1.229,3.37
"Denmark",1.229,3.391
"Denmark",1.229,3.392
"Denmark",1.229,3.421
"Denmark",1.229,3.465
"Denmark",1.229,3.466
"Denmark",1.229,3.497
"Denmark",1.229,3.498
"Denmark",1.229,3.512
"Denmark",1.229,3.518
"Denmark",1.229,3.52
"Denmark",1.229,3.523
"Denmark",1.229,3.543
"Denmark",1.229,3.554
"Denmark",1.229,3.556
"Denmark",1.229,3.564
"Denmark",1.229,3.576
"Denmark",1.229,3.578
"Denmark",1.229,3.58
"Denmark",1.229,3.584
"Denmark",1.229,3.589
"Denmark",1.229,3.606
"Denmark",1.229,3.608
"Denmark",1.229,3.611
"Denmark",1.229,3.612
"Denmark",1.229,3.623
"Denmark",1.229,3.623
"Denmark",1.229,3.627
"Denmark",1.229,3.631
"Denmark",1.229,3.636
"Denmark",1.229,3.641
"Denmark",1.229,3.641
"Denmark",1.229,3.644
"Denmark",1.229,3.644
"Denmark",1.229,3.648
"Denmark",1.229,3.653
"Denmark",1.229,3.66
"Denmark",1.229,3.661
"Denmark",1.229,3.665
"Denmark",1.229,3.665
"Denmark",1.229,3.671
"Denmark",1.229,3.673
"Denmark",1.229,3.683
"Denmark",1.229,3.685
"Denmark",1.229,3.695
"Denmark",1.229,3.698
"Denmark",1.229,3.701
"Denmark",1.229,3.746
"Denmark",1.229,3.748
"Denmark",1.229,3.751
"Denmark",1.229,3.752
"Denmark",1.229,3.754
"Denmark",1.229,3.773
"Denmark",1.229,3.785
"Denmark",1.229,3.789
"Denmark",1.229,3.795
"Denmark",1.229,3.796
"Denmark",1.229,3.8
"Denmark",1.229,3.802
"Denmark",1.229,3.812
"Denmark",1.229,3.824
"Denmark",1.229,3.825
"Denmark",1.229,3.825
"Denmark",1.229,3.829
"Denmark",1.229,3.845
"Denmark",1.229,3.851
"Denmark",1.229,3.924
"Denmark",1.229,3.933
"Denmark",1.229,4.009
"Denmark",1.229,4.059
"Denmark",1.229,4.067
"Denmark",1.229,4.11
"Denmark",1.229,4.152
"Denmark",1.229,4.156
"Denmark",1.229,4.16
"Denmark",1.229,4.171
"Denmark",1.229,4.196
"Denmark",1.229,4.22
"Denmark",1.229,4.254
"Denmark",1.229,4.262
"Denmark",1.229,4.284
"Denmark",1.229,4.306
"Denmark",1.229,4.344
"Denmark",1.229,4.348
"Denmark",1.229,4.405
"Denmark",1.229,4.473
"Denmark",1.229,4.49
"Denmark",1.229,4.609
"Denmark",1.229,4.867
"Denmark",1.229,4.893
"Denmark",1.229,4.898
"Denmark",1.229,4.96
"Denmark",1.229,4.997
"Denmark",1.229,5.04
"Denmark",1.229,5.127
"Denmark",1.229,5.435
"Denmark",1.229,5.627
"Denmark",1.229,5.631
"Denmark",1.229,5.651
"Denmark",1.229,5.667
"Denmark",1.229,5.693
"Denmark",1.229,5.84
"Denmark",1.229,5.973
"Denmark",1.229,6.022
"Denmark",1.229,6.034
"Denmark",1.229,6.07
"Denmark",1.229,6.351
"Denmark",1.229,6.866
"Denmark",1.229,7.3
"Denmark",1.229,7.529
"Denmark",1.229,7.608
"Denmark",1.229,7.728
"Denmark",1.229,7.992
"Denmark",1.229,NA
"Denmark",1.229,NA
"Denmark",1.229,NA
"Denmark",1.229,NA
"Denmark",1.229,NA
"Denmark",1.229,NA
"Denmark",1.229,NA
"Denmark",1.229,NA
"Denmark",1.229,NA
"Denmark",1.229,NA
"Denmark",1.229,NA
"Denmark",1.229,NA
"Denmark",1.229,NA
"Denmark",1.229,NA
"Denmark",1.229,NA
"Denmark",1.229,NA
"Denmark",1.229,NA
"Denmark",1.229,NA
"Denmark",1.229,NA
"Denmark",1.229,NA
"Denmark",1.229,NA
"Denmark",1.229,NA
"Denmark",1.229,NA
"Denmark",1.229,NA
"Denmark",1.229,NA
"Denmark",1.229,NA
"Denmark",1.229,NA
"Denmark",1.229,NA
"Denmark",1.229,NA
"Denmark",1.229,NA
"Denmark",1.229,NA
"Denmark",1.229,NA
"Denmark",1.229,NA
"Denmark",1.229,NA
"Denmark",1.229,NA
"Denmark",1.229,NA
"Denmark",1.229,NA
"Denmark",1.229,NA
"Denmark",1.229,NA
"Denmark",1.229,NA
"Denmark",1.229,NA
"Denmark",1.229,NA
"Denmark",1.229,NA
"Denmark",1.229,NA
"Denmark",1.229,NA
"Denmark",1.229,NA
"Denmark",1.229,NA
"Denmark",1.229,NA
"Denmark",1.229,NA
"Denmark",1.229,NA
"Denmark",1.229,NA
"Denmark",1.229,NA
"Denmark",1.229,NA
"Denmark",1.229,NA
"Denmark",1.229,NA
"Denmark",1.229,NA
"Denmark",1.229,NA
"Denmark",1.229,NA
"Denmark",1.229,NA
"Denmark",1.229,NA
"Denmark",1.229,NA
"Denmark",1.229,NA
"Denmark",1.229,NA
"Denmark",1.229,NA
"Denmark",1.229,NA
"Denmark",1.229,NA
"Denmark",1.229,NA
"Denmark",1.229,NA
"Denmark",1.229,NA
"Denmark",1.229,NA
"Denmark",1.229,NA
"Denmark",1.229,NA
"Denmark",1.229,NA
"Denmark",1.229,NA
"Denmark",1.229,NA
"Denmark",1.229,NA
"Denmark",1.229,NA
"Denmark",1.229,NA
"Denmark",1.229,NA
"Denmark",1.229,NA
"India",1.257,276.148
"India",1.257,736.996
"India",1.257,809.796
"India",1.257,840.293
"India",1.257,1460.133
"India",1.257,1547.739
"India",1.257,1588.123
"India",1.257,1700.597
"India",1.257,1822.493
"India",1.257,NA
"Denmark",1.282,3.845
"India",1.302,NA
"India",1.321,943.216
"India",1.331,NA
"Denmark",1.344,4.473
"India",1.353,NA
"India",1.359,NA
"India",1.386,NA
"India",1.404,NA
"India",1.406,NA
"India",1.425,NA
"India",1.44,NA
"India",1.448,NA
"India",1.47,NA
"India",1.47,NA
"India",1.485,NA
"India",1.498,1074.237
"India",1.5,NA
"Denmark",1.505,5.14
"India",1.51,NA
"India",1.522,NA
"India",1.524,NA
"India",1.549,NA
"India",1.556,NA
"Denmark",1.583,4.726
"India",1.587,NA
"India",1.626,NA
"India",1.651,1102.774
"India",1.655,NA
"Denmark",1.67,5.351
"India",1.681,1291.406
"India",1.681,1748.744
"India",1.681,1765.392
"India",1.681,1780.707
"India",1.681,2031.004
"India",1.681,2101.459
"India",1.681,2103.744
"India",1.681,2123.771
"India",1.681,2239.377
"India",1.681,NA
"India",1.687,1274.51
"India",1.687,1735.289
"India",1.687,1757.137
"India",1.687,1776.76
"India",1.687,2061.531
"India",1.687,2135.35
"India",1.687,2138.974
"India",1.687,2162.233
"India",1.687,2239.763
"India",1.687,NA
"India",1.703,1321.415
"India",1.703,1776.319
"India",1.703,1788.103
"India",1.703,1798.106
"India",1.703,2011.719
"India",1.703,2072.89
"India",1.703,2077.409
"India",1.703,2091.19
"India",1.703,2254.791
"India",1.703,NA
"India",1.722,1231.028
"India",1.722,1682.431
"India",1.722,1708.791
"India",1.722,1731.846
"India",1.722,2036.177
"India",1.722,2107.751
"India",1.722,2116.913
"India",1.722,2140.774
"India",1.722,2186.553
"India",1.722,NA
"India",1.755,1380.146
"India",1.755,1838.313
"India",1.755,1845.855
"India",1.755,1851.438
"India",1.755,2023.382
"India",1.755,2073.964
"India",1.755,2078.013
"India",1.755,2086.538
"India",1.755,2311.565
"India",1.755,NA
"India",1.787,2006.923
"India",1.787,2272.01
"India",1.787,2272.65
"India",1.787,2275.268
"India",1.787,2353.498
"India",1.787,2378.984
"India",1.787,2379.654
"India",1.787,2381.13
"India",1.787,2538.08
"India",1.787,NA
"India",1.788,1199.734
"India",1.788,1644.052
"India",1.788,1675.794
"India",1.788,1702.626
"India",1.788,2024.319
"India",1.788,2092.548
"India",1.788,2107.127
"India",1.788,2132.95
"India",1.788,2151.854
"India",1.788,NA
"India",1.796,NA
"India",1.797,NA
"India",1.812,NA
"India",1.823,NA
"India",1.824,NA
"India",1.825,NA
"India",1.825,NA
"India",1.838,1536.728
"India",1.838,1904.763
"India",1.838,1908.648
"India",1.838,1911.4
"India",1.838,2037.341
"India",1.838,2075.798
"India",1.838,2077.855
"India",1.838,2082.092
"India",1.838,2280.314
"India",1.838,NA
"India",1.842,NA
"India",1.862,NA
"India",1.864,NA
"India",1.868,NA
"India",1.873,NA
"India",1.875,NA
"India",1.879,NA
"India",1.879,NA
"Denmark",1.88,4.754
"India",1.88,NA
"India",1.883,NA
"India",1.887,1164.733
"India",1.887,1691.46
"India",1.887,1736.617
"India",1.887,1768.47
"India",1.887,2152.894
"India",1.887,2227.036
"India",1.887,2246.322
"India",1.887,2286.765
"India",1.887,2367.4
"India",1.887,NA
"India",1.89,NA
"India",1.895,NA
"India",1.895,NA
"India",1.897,1200.839
"India",1.903,NA
"India",1.909,NA
"India",1.918,NA
"India",1.931,NA
"India",1.934,385.05
"India",1.934,1084.185
"India",1.934,1202.549
"India",1.934,1251.838
"India",1.934,2245.516
"India",1.934,2381.682
"India",1.934,2451.271
"India",1.934,2641.593
"India",1.934,2844.764
"India",1.934,NA
"India",1.938,NA
"India",1.951,1704.269
"India",1.951,1928.788
"India",1.951,1929.902
"India",1.951,1930.752
"India",1.951,1998.563
"India",1.951,2019.589
"India",1.951,2020.016
"India",1.951,2020.756
"India",1.951,2155.304
"India",1.951,NA
"India",1.953,NA
"India",1.956,NA
"India",1.961,NA
"India",1.961,NA
"India",1.964,NA
"India",1.973,NA
"India",1.981,NA
"Denmark",1.989,7.92
"India",2.008,NA
"India",2.013,1800.83
"India",2.022,NA
"India",2.023,1097.345
"India",2.023,1769.859
"India",2.023,1835.049
"India",2.023,1873.774
"India",2.023,2368.809
"India",2.023,2455.411
"India",2.023,2481.195
"India",2.023,2546.018
"India",2.023,2741.085
"India",2.032,NA
"Denmark",2.05,6.979
"India",2.051,NA
"India",2.061,1236.887
"India",2.08,NA
"India",2.093,1945.004
"India",2.1,NA
"India",2.119,NA
"India",2.184,NA
"India",2.199,1069.79
"India",2.199,1867.612
"India",2.199,1952.995
"India",2.199,2000.101
"India",2.199,2606.473
"India",2.199,2702.582
"India",2.199,2738.445
"India",2.199,2826.183
"India",2.199,3094.657
"India",2.199,NA
"India",2.263,NA
"India",2.271,1293.594
"Denmark",2.28,5.891
"India",2.297,NA
"India",2.363,2224.204
"India",2.4,NA
"India",2.413,NA
"India",2.421,1189.843
"India",2.421,1297.968
"India",2.423,1085.456
"India",2.423,1969.78
"India",2.423,2075.463
"India",2.423,2131.854
"India",2.423,2848.503
"India",2.423,2951.047
"India",2.423,3000.054
"India",2.423,3109.302
"India",2.423,3382.461
"India",2.423,NA
"Denmark",2.44,9.577
"India",2.449,NA
"India",2.482,NA
"Denmark",2.489,9.256
"Denmark",2.546,7.484
"India",2.565,NA
"India",2.636,NA
"India",2.694,NA
"India",2.7,1128.176
"India",2.7,2074.107
"India",2.7,2201.674
"India",2.7,2268.343
"India",2.7,3110.426
"India",2.7,3218.622
"India",2.7,3281.779
"India",2.7,3416.447
"India",2.7,3642.221
"India",2.7,NA
"India",2.738,NA
"India",2.75,NA
"India",2.805,NA
"India",2.841,NA
"India",2.847,NA
"India",2.885,NA
"India",2.905,2765.738
"India",2.916,NA
"India",2.932,NA
"India",2.941,3873.392
"Denmark",2.952,9.897
"India",2.975,NA
"India",2.976,NA
"Denmark",2.988,8.522
"India",3.006,NA
"India",3.035,NA
"India",3.038,1168.383
"India",3.038,2220.171
"India",3.038,2376.646
"India",3.038,2455.888
"India",3.038,3457.344
"India",3.038,3574.98
"India",3.038,3654.75
"India",3.038,3826.977
"India",3.038,4074.504
"India",3.038,NA
"India",3.056,NA
"Denmark",3.072,12.206
"India",3.081,NA
"India",3.085,NA
"India",3.135,NA
"India",3.15,NA
"India",3.212,NA
"India",3.264,3072.454
"India",3.291,NA
"Denmark",3.342,10.886
"India",3.35,NA
"India",3.442,1192.888
"India",3.442,2412.463
"India",3.442,2608.027
"India",3.442,2702.952
"India",3.442,3935.115
"India",3.442,4069.859
"India",3.442,4170.205
"India",3.442,4399.917
"India",3.442,4746.23
"India",3.442,NA
"India",3.532,3091.347
"Denmark",3.737,NA
"Denmark",3.737,NA
"Denmark",3.737,NA
"Denmark",3.737,NA
"Denmark",3.737,NA
"Denmark",3.737,NA
"Denmark",3.737,NA
"Denmark",3.737,NA
"Denmark",3.737,NA
"Denmark",3.737,NA
"Denmark",3.737,NA
"Denmark",3.737,NA
"Denmark",3.737,NA
"Denmark",3.737,NA
"Denmark",3.737,NA
"Denmark",3.737,NA
"Denmark",3.737,NA
"Denmark",3.737,NA
"Denmark",3.737,NA
"Denmark",3.737,NA
"Denmark",3.737,NA
"Denmark",3.737,NA
"Denmark",3.737,NA
"Denmark",3.737,NA
"Denmark",3.737,NA
"Denmark",3.737,NA
"Denmark",3.737,NA
"Denmark",3.737,NA
"Denmark",3.737,NA
"Denmark",3.737,NA
"Denmark",3.737,NA
"Denmark",3.737,NA
"Denmark",3.737,NA
"Denmark",3.737,NA
"Denmark",3.737,NA
"Denmark",3.737,NA
"Denmark",3.737,NA
"Denmark",3.737,NA
"Denmark",3.737,NA
"Denmark",3.737,NA
"Denmark",3.737,NA
"Denmark",3.737,NA
"Denmark",3.737,NA
"Denmark",3.737,NA
"Denmark",3.737,NA
"Denmark",3.737,NA
"Denmark",3.737,NA
"Denmark",3.738,6.694
"Denmark",3.738,6.916
"Denmark",3.738,7.077
"Denmark",3.738,7.226
"Denmark",3.738,7.351
"Denmark",3.738,7.664
"Denmark",3.738,8.099
"Denmark",3.738,8.638
"Denmark",3.738,8.73
"Denmark",3.738,8.755
"Denmark",3.738,8.885
"Denmark",3.738,8.906
"Denmark",3.738,8.928
"Denmark",3.738,8.992
"Denmark",3.738,9.216
"Denmark",3.738,9.247
"Denmark",3.738,9.333
"Denmark",3.738,9.461
"Denmark",3.738,9.671
"Denmark",3.738,9.687
"Denmark",3.738,9.785
"Denmark",3.738,9.848
"Denmark",3.738,10.195
"Denmark",3.738,10.234
"Denmark",3.738,10.291
"Denmark",3.738,10.4
"Denmark",3.738,10.996
"Denmark",3.738,11
"Denmark",3.738,11.157
"Denmark",3.738,11.162
"Denmark",3.738,11.184
"Denmark",3.738,11.203
"Denmark",3.738,11.204
"Denmark",3.738,11.258
"Denmark",3.738,11.261
"Denmark",3.738,11.262
"Denmark",3.738,11.264
"Denmark",3.738,11.32
"Denmark",3.738,11.6
"Denmark",3.738,11.841
"Denmark",3.738,11.873
"Denmark",3.738,11.912
"Denmark",3.738,12.095
"Denmark",3.738,12.096
"Denmark",3.738,12.135
"Denmark",3.738,12.209
"Denmark",3.738,12.243
"Denmark",3.738,12.252
"Denmark",3.738,12.3
"Denmark",3.738,12.35
"Denmark",3.738,12.369
"Denmark",3.738,12.418
"Denmark",3.738,12.431
"Denmark",3.738,12.442
"Denmark",3.738,12.445
"Denmark",3.738,12.466
"Denmark",3.738,12.477
"Denmark",3.738,12.53
"Denmark",3.738,12.546
"Denmark",3.738,12.564
"Denmark",3.738,12.59
"Denmark",3.738,12.647
"Denmark",3.738,12.658
"Denmark",3.738,12.664
"Denmark",3.738,12.684
"Denmark",3.738,12.701
"Denmark",3.738,12.708
"Denmark",3.738,12.712
"Denmark",3.738,12.714
"Denmark",3.738,12.723
"Denmark",3.738,12.735
"Denmark",3.738,12.763
"Denmark",3.738,12.79
"Denmark",3.738,12.8
"Denmark",3.738,12.803
"Denmark",3.738,12.803
"Denmark",3.738,12.843
"Denmark",3.738,12.851
"Denmark",3.738,12.854
"Denmark",3.738,12.861
"Denmark",3.738,12.863
"Denmark",3.738,12.883
"Denmark",3.738,12.888
"Denmark",3.738,12.898
"Denmark",3.738,12.901
"Denmark",3.738,12.906
"Denmark",3.738,12.91
"Denmark",3.738,12.929
"Denmark",3.738,12.941
"Denmark",3.738,12.973
"Denmark",3.738,12.988
"Denmark",3.738,13.038
"Denmark",3.738,13.073
"Denmark",3.738,13.096
"Denmark",3.738,13.099
"Denmark",3.738,13.116
"Denmark",3.738,13.12
"Denmark",3.738,13.123
"Denmark",3.738,13.133
"Denmark",3.738,13.155
"Denmark",3.738,13.174
"Denmark",3.738,13.196
"Denmark",3.738,13.198
"Denmark",3.738,13.296
"Denmark",3.738,13.296
"Denmark",3.738,13.369
"Denmark",3.738,13.382
"Denmark",3.738,13.387
"Denmark",3.738,13.405
"Denmark",3.738,13.553
"Denmark",3.738,13.57
"Denmark",3.738,13.589
"Denmark",3.738,13.798
"Denmark",3.738,13.907
"Denmark",3.738,13.94
"Denmark",3.738,14.282
"Denmark",3.738,14.332
"Denmark",3.738,14.573
"Denmark",3.738,14.888
"Denmark",3.738,14.907
"Denmark",3.738,15.121
"Denmark",3.738,15.516
"Denmark",3.738,15.579
"Denmark",3.738,15.71
"Denmark",3.738,15.94
"Denmark",3.738,16.461
"Denmark",3.738,16.548
"Denmark",3.738,16.785
"Denmark",3.738,16.8
"Denmark",3.738,16.896
"Denmark",3.738,17.071
"Denmark",3.738,17.168
"Denmark",3.738,17.194
"Denmark",3.738,17.309
"Denmark",3.738,17.392
"Denmark",3.738,17.593
"Denmark",3.738,18.532
"Denmark",3.738,19.392
"Denmark",3.738,20.438
"Denmark",3.738,20.587
"Denmark",3.738,20.607
"Denmark",3.738,20.726
"Denmark",3.738,21.591
"Denmark",3.738,23.13
"Denmark",3.738,NA
"Denmark",3.738,NA
"Denmark",3.738,NA
"Denmark",3.738,NA
"Denmark",3.738,NA
"Denmark",3.738,NA
"Denmark",3.738,NA
"Denmark",3.738,NA
"Denmark",3.738,NA
"Denmark",3.738,NA
"Denmark",3.738,NA
"Denmark",3.738,NA
"Denmark",3.738,NA
"Denmark",3.738,NA
"Denmark",3.738,NA
"Denmark",3.738,NA
"Denmark",3.738,NA
"Denmark",3.738,NA
"Denmark",3.738,NA
"Denmark",3.738,NA
"Denmark",3.738,NA
"Denmark",3.738,NA
"Denmark",3.738,NA
"Denmark",3.738,NA
"Denmark",3.738,NA
"Denmark",3.738,NA
"Denmark",3.738,NA
"Denmark",3.738,NA
"Denmark",3.738,NA
"Denmark",3.738,NA
"Denmark",3.738,NA
"Denmark",3.738,NA
"Denmark",3.738,NA
"India",3.915,1209.417
"India",3.915,2640.111
"India",3.915,2883.864
"India",3.915,2998.284
"India",3.915,4526.58
"India",3.915,4682.37
"India",3.915,4810.294
"India",3.915,5114.281
"India",3.915,5595.67
"India",3.915,NA
"India",3.971,3217.852
"Denmark",4.228,11.574
"India",4.502,3637.357
"Denmark",4.992,13.891
"India",5.085,4007.327
"India",5.54,4542.254
"India",5.54,6054.014
"India",5.54,6075.154
"India",5.54,6105.027
"India",5.54,6659.261
"India",5.54,6843.031
"India",5.54,6844.268
"India",5.54,6868.167
"India",5.54,7608.054
"India",5.54,NA
"India",5.584,4951.417
"India",5.584,6138.859
"India",5.584,6149.184
"India",5.584,6163.383
"India",5.584,6563.992
"India",5.584,6696.086
"India",5.584,6696.986
"India",5.584,6708.25
"India",5.584,7346.952
"India",5.584,NA
"India",5.585,4499.44
"India",5.585,6053.659
"India",5.585,6088.499
"India",5.585,6137.307
"India",5.585,6850.166
"India",5.585,7078.868
"India",5.585,7080.938
"India",5.585,7119.609
"India",5.585,7677.558
"India",5.585,NA
"Denmark",5.588,15.262
"Denmark",5.624,15.917
"India",5.632,5673.72
"India",5.708,5515.198
"India",5.708,6242.106
"India",5.708,6245
"India",5.708,6249.084
"India",5.708,6467.469
"India",5.708,6536.55
"India",5.708,6538.778
"India",5.708,6539.58
"India",5.708,6974.802
"India",5.708,NA
"India",5.726,4501.215
"India",5.726,6102.809
"India",5.726,6153.285
"India",5.726,6218.007
"India",5.726,7079.149
"India",5.726,7340.998
"India",5.726,7346.954
"India",5.726,7401.716
"India",5.726,7805.356
"India",5.726,NA
"India",5.729,NA
"India",5.733,NA
"India",5.764,NA
"India",5.785,NA
"India",5.815,NA
"India",5.826,NA
"India",5.828,NA
"India",5.854,8044.516
"India",5.868,4441.117
"India",5.884,NA
"India",5.899,6186.762
"India",5.945,NA
"India",5.945,NA
"India",5.972,4411.705
"India",5.972,6016.948
"India",5.972,6082.179
"India",5.972,6159.288
"India",5.972,7136.155
"India",5.972,7404.133
"India",5.972,7427.674
"India",5.972,7484.403
"India",5.972,7752.652
"India",5.972,NA
"India",6.123,NA
"India",6.167,NA
"India",6.18,6548.535
"Denmark",6.259,19.613
"India",6.336,4380.806
"India",6.336,5997.373
"India",6.336,6081.276
"India",6.336,6171.995
"India",6.336,7246.324
"India",6.336,7513.722
"India",6.336,7556.488
"India",6.336,7618.839
"India",6.336,7781.747
"India",6.336,NA
"India",6.365,NA
"India",6.388,NA
"India",6.397,NA
"India",6.464,NA
"India",6.685,NA
"India",6.686,NA
"Denmark",6.804,21.947
"India",6.823,4833.816
"India",6.835,4310.629
"India",6.835,6269.415
"India",6.835,6400.396
"India",6.835,6509.917
"India",6.835,7871.206
"India",6.835,8174.406
"India",6.835,8232.205
"India",6.835,8346.147
"India",6.835,8705.749
"India",6.835,NA
"India",6.891,NA
"India",6.909,NA
"India",6.944,NA
"Denmark",7.024,24.822
"India",7.04,4188.48
"India",7.04,4400.933
"India",7.106,4738.953
"India",7.106,7635.589
"India",7.129,NA
"India",7.325,NA
"Denmark",7.361,21.647
"India",7.44,NA
"Denmark",7.474,29.188
"India",7.489,4143.959
"India",7.489,6698.669
"India",7.489,6903.195
"India",7.489,7040.094
"India",7.489,8846.138
"India",7.489,9212.456
"India",7.489,9293.798
"India",7.489,9494.342
"India",7.489,10289.558
"India",7.489,NA
"India",7.63,NA
"India",7.727,8299.159
"India",7.818,NA
"India",7.831,NA
"Denmark",7.892,29.899
"India",7.968,12441.924
"India",8.117,NA
"Denmark",8.161,35.287
"India",8.19,NA
"India",8.246,8701.924
"Denmark",8.257,32.717
"India",8.312,NA
"India",8.327,4114.334
"India",8.327,7209.608
"India",8.327,7490.346
"India",8.327,7661.309
"India",8.327,9950.889
"India",8.327,10370.422
"India",8.327,10493.547
"India",8.327,10774.438
"India",8.327,11850.587
"India",8.327,NA
"India",8.548,NA
"India",8.555,NA
"India",8.769,10059.912
"India",8.769,10434.655
"India",8.851,11185.017
"Denmark",8.89,44.63
"India",8.916,NA
"India",9.069,9021.317
"India",9.158,NA
"India",9.328,13479.212
"India",9.381,4247.085
"India",9.381,7748.996
"India",9.381,8108.644
"India",9.381,8318.059
"India",9.381,11113.195
"India",9.381,11578.248
"India",9.381,11752.599
"India",9.381,12115.393
"India",9.381,13203.97
"India",9.381,NA
"Denmark",9.416,29.919
"India",9.48,NA
"India",9.578,16125.472
"Denmark",9.629,38.343
"Denmark",9.675,42.106
"India",9.901,NA
"Denmark",9.941,13.574
"Denmark",9.941,13.868
"Denmark",9.941,14.214
"Denmark",9.941,14.743
"Denmark",9.941,15.356
"Denmark",9.941,15.98
"Denmark",9.941,16.407
"Denmark",9.941,16.825
"Denmark",9.941,17.115
"Denmark",9.941,17.899
"Denmark",9.941,19.108
"Denmark",9.941,20.48
"Denmark",9.941,20.795
"Denmark",9.941,21.225
"Denmark",9.941,21.372
"Denmark",9.941,21.909
"Denmark",9.941,22.739
"Denmark",9.941,23.451
"Denmark",9.941,23.676
"Denmark",9.941,23.695
"Denmark",9.941,23.786
"Denmark",9.941,23.973
"Denmark",9.941,24.576
"Denmark",9.941,25.786
"Denmark",9.941,26.165
"Denmark",9.941,26.916
"Denmark",9.941,27.09
"Denmark",9.941,27.194
"Denmark",9.941,27.296
"Denmark",9.941,27.69
"Denmark",9.941,28.475
"Denmark",9.941,28.487
"Denmark",9.941,28.866
"Denmark",9.941,28.878
"Denmark",9.941,29.129
"Denmark",9.941,29.375
"Denmark",9.941,29.382
"Denmark",9.941,29.702
"Denmark",9.941,29.709
"Denmark",9.941,29.754
"Denmark",9.941,29.803
"Denmark",9.941,29.826
"Denmark",9.941,29.856
"Denmark",9.941,29.998
"Denmark",9.941,30.094
"Denmark",9.941,30.119
"Denmark",9.941,30.181
"Denmark",9.941,30.304
"Denmark",9.941,30.316
"Denmark",9.941,30.371
"Denmark",9.941,30.394
"Denmark",9.941,30.524
"Denmark",9.941,30.528
"Denmark",9.941,30.549
"Denmark",9.941,30.648
"Denmark",9.941,30.652
"Denmark",9.941,30.655
"Denmark",9.941,30.693
"Denmark",9.941,30.729
"Denmark",9.941,30.753
"Denmark",9.941,30.819
"Denmark",9.941,30.826
"Denmark",9.941,30.846
"Denmark",9.941,30.889
"Denmark",9.941,30.926
"Denmark",9.941,30.93
"Denmark",9.941,30.952
"Denmark",9.941,30.959
"Denmark",9.941,30.999
"Denmark",9.941,31.006
"Denmark",9.941,31.055
"Denmark",9.941,31.154
"Denmark",9.941,31.18
"Denmark",9.941,31.181
"Denmark",9.941,31.228
"Denmark",9.941,31.23
"Denmark",9.941,31.246
"Denmark",9.941,31.288
"Denmark",9.941,31.34
"Denmark",9.941,31.341
"Denmark",9.941,31.354
"Denmark",9.941,31.677
"Denmark",9.941,31.713
"Denmark",9.941,31.713
"Denmark",9.941,31.753
"Denmark",9.941,31.755
"Denmark",9.941,31.839
"Denmark",9.941,31.982
"Denmark",9.941,31.99
"Denmark",9.941,32.088
"Denmark",9.941,32.147
"Denmark",9.941,32.148
"Denmark",9.941,32.22
"Denmark",9.941,32.324
"Denmark",9.941,32.334
"Denmark",9.941,32.365
"Denmark",9.941,32.396
"Denmark",9.941,32.5
"Denmark",9.941,32.532
"Denmark",9.941,32.811
"Denmark",9.941,33.223
"Denmark",9.941,33.386
"Denmark",9.941,33.556
"Denmark",9.941,33.706
"Denmark",9.941,33.916
"Denmark",9.941,34.105
"Denmark",9.941,34.449
"Denmark",9.941,34.454
"Denmark",9.941,34.802
"Denmark",9.941,35.137
"Denmark",9.941,35.603
"Denmark",9.941,35.764
"Denmark",9.941,35.837
"Denmark",9.941,35.962
"Denmark",9.941,36.296
"Denmark",9.941,36.61
"Denmark",9.941,36.961
"Denmark",9.941,37.246
"Denmark",9.941,37.745
"Denmark",9.941,37.888
"Denmark",9.941,38.047
"Denmark",9.941,40.948
"Denmark",9.941,41.196
"Denmark",9.941,41.416
"Denmark",9.941,41.686
"Denmark",9.941,41.981
"Denmark",9.941,42.337
"Denmark",9.941,43.042
"Denmark",9.941,45.531
"Denmark",9.941,47.099
"Denmark",9.941,47.289
"Denmark",9.941,47.335
"Denmark",9.941,47.413
"Denmark",9.941,47.63
"Denmark",9.941,50.171
"Denmark",9.941,50.484
"Denmark",9.941,50.528
"Denmark",9.941,50.873
"Denmark",9.941,53.206
"Denmark",9.941,57.233
"Denmark",9.941,60.836
"Denmark",9.941,62.651
"Denmark",9.941,63.373
"Denmark",9.941,64.274
"Denmark",9.941,NA
"Denmark",9.941,NA
"Denmark",9.941,NA
"Denmark",9.941,NA
"Denmark",9.941,NA
"Denmark",9.941,NA
"Denmark",9.941,NA
"Denmark",9.941,NA
"Denmark",9.941,NA
"Denmark",9.941,NA
"Denmark",9.941,NA
"Denmark",9.941,NA
"Denmark",9.941,NA
"Denmark",9.941,NA
"Denmark",9.941,NA
"Denmark",9.941,NA
"Denmark",9.941,NA
"Denmark",9.941,NA
"Denmark",9.941,NA
"Denmark",9.941,NA
"Denmark",9.941,NA
"Denmark",9.941,NA
"Denmark",9.941,NA
"Denmark",9.941,NA
"Denmark",9.941,NA
"Denmark",9.941,NA
"Denmark",9.941,NA
"Denmark",9.941,NA
"Denmark",9.941,NA
"Denmark",9.941,NA
"Denmark",9.941,NA
"Denmark",9.941,NA
"Denmark",9.941,NA
"Denmark",9.941,NA
"Denmark",9.941,NA
"Denmark",9.941,NA
"Denmark",9.941,NA
"Denmark",9.941,NA
"Denmark",9.941,NA
"Denmark",9.941,NA
"Denmark",9.941,NA
"Denmark",9.941,NA
"Denmark",9.941,NA
"Denmark",9.941,NA
"Denmark",9.941,NA
"Denmark",9.941,NA
"Denmark",9.941,NA
"Denmark",9.941,NA
"Denmark",9.941,NA
"Denmark",9.941,NA
"Denmark",9.941,NA
"Denmark",9.941,NA
"Denmark",9.941,NA
"Denmark",9.941,NA
"Denmark",9.941,NA
"Denmark",9.941,NA
"Denmark",9.941,NA
"Denmark",9.941,NA
"Denmark",9.941,NA
"Denmark",9.941,NA
"Denmark",9.941,NA
"Denmark",9.941,NA
"Denmark",9.941,NA
"Denmark",9.941,NA
"Denmark",9.941,NA
"Denmark",9.941,NA
"Denmark",9.941,NA
"Denmark",9.941,NA
"Denmark",9.941,NA
"Denmark",9.941,NA
"Denmark",9.941,NA
"Denmark",9.941,NA
"Denmark",9.941,NA
"Denmark",9.941,NA
"Denmark",9.941,NA
"Denmark",9.941,NA
"Denmark",9.941,NA
"Denmark",9.941,NA
"Denmark",9.942,NA
"Denmark",9.942,NA
"Denmark",10.037,32.844
"India",10.106,16183.497
"India",10.169,NA
"India",10.226,9310.356
"India",10.611,NA
"India",10.687,4514.317
"India",10.687,8345.618
"India",10.687,8794.782
"India",10.687,9048.672
"India",10.687,12399.751
"India",10.687,12910.794
"India",10.687,13143.412
"India",10.687,13605.248
"India",10.687,14535.328
"India",10.687,NA
"Denmark",10.783,32.786
"India",10.888,17891.741
"India",10.901,NA
"India",10.992,NA
"India",11.033,18961.056
"India",11.352,2467.731
"India",11.352,6586.415
"India",11.352,7272.846
"India",11.352,7583.762
"India",11.352,13114.72
"India",11.352,13850.127
"India",11.352,14267.763
"India",11.352,15290.462
"India",11.352,16399.574
"India",11.352,NA
"India",11.502,10136.706
"Denmark",11.57,38.868
"India",11.588,NA
"India",11.69,19985.91
"Denmark",11.749,33.375
"India",12.057,NA
"India",12.259,20913.857
"India",12.282,4746.08
"India",12.282,9086.751
"India",12.282,9653.346
"India",12.282,9960.931
"India",12.282,14070.754
"India",12.282,14646.663
"India",12.282,14948.853
"India",12.282,15560.307
"India",12.282,16548.71
"India",12.282,NA
"India",12.426,21357.998
"India",12.534,2981.98
"India",12.534,7642.299
"India",12.534,8363.541
"India",12.534,8691.86
"India",12.534,14588.74
"India",12.534,15404.459
"India",12.534,15820.014
"India",12.534,16855.133
"India",12.534,18123.937
"India",12.534,NA
"India",12.763,11297.939
"India",12.803,NA
"India",12.949,NA
"Denmark",13.07,45.634
"India",13.084,NA
"India",13.26,NA
"India",13.3,NA
"India",13.357,NA
"India",13.392,NA
"Denmark",13.42,36.377
"India",13.523,NA
"India",13.593,NA
"India",13.625,NA
"India",13.672,NA
"India",13.685,3551.866
"India",13.685,8797.202
"India",13.685,9547.113
"India",13.685,9888.698
"India",13.685,16115.519
"India",13.685,17018.176
"India",13.685,17419.941
"India",13.685,18466.419
"India",13.685,20062.666
"India",13.685,NA
"India",13.8,NA
"India",13.829,NA
"India",13.878,NA
"India",14.012,NA
"India",14.069,11787.609
"India",14.127,NA
"India",14.144,NA
"India",14.162,NA
"India",14.197,4948.228
"India",14.197,10081.482
"India",14.197,10812.319
"India",14.197,11189.286
"India",14.197,16333.06
"India",14.197,17011.52
"India",14.197,17401.401
"India",14.197,18245.71
"India",14.197,19671.071
"India",14.197,NA
"India",14.241,NA
"India",14.243,NA
"India",14.391,9833.018
"India",14.391,10380.227
"India",14.391,17134.411
"India",14.449,NA
"India",14.45,NA
"India",14.456,NA
"India",14.524,11284.4
"India",14.601,NA
"India",14.647,NA
"India",14.736,NA
"India",14.742,NA
"India",14.818,4213.442
"India",14.818,9993.247
"India",14.818,10754.904
"India",14.818,11103.442
"India",14.818,17581.023
"India",14.818,18563.715
"India",14.818,18938.673
"India",14.818,19978.046
"India",14.818,21860.259
"India",14.818,NA
"India",14.845,NA
"Denmark",14.856,53.741
"India",14.88,NA
"India",14.882,17965.625
"India",14.964,NA
"India",14.984,NA
"India",15,17010.614
"India",15.004,NA
"India",15.027,NA
"India",15.228,NA
"India",15.265,NA
"India",15.292,18496.364
"India",15.301,NA
"India",15.511,NA
"India",15.547,NA
"India",15.586,18719.156
"India",15.6,NA
"India",15.68,NA
"Denmark",15.84,48.427
"India",15.948,5070.71
"India",15.948,11256.806
"India",15.948,12007.248
"India",15.948,12357.882
"India",15.948,18866.37
"India",15.948,19906.168
"India",15.948,20246.189
"India",15.948,21235.556
"India",15.948,23218.991
"India",15.948,NA
"India",15.969,NA
"India",15.983,NA
"India",16.017,NA
"Denmark",16.029,51.553
"India",16.109,NA
"India",16.272,NA
"India",16.32,19515.794
"India",16.449,5109.463
"India",16.449,11237.982
"India",16.449,12174.376
"India",16.449,12638.136
"India",16.449,19130.441
"India",16.449,19936.992
"India",16.449,20445.445
"India",16.449,21597.226
"India",16.449,23614.18
"India",16.449,NA
"India",16.461,NA
"India",16.478,NA
"Denmark",16.574,54.347
"India",16.679,NA
"India",16.708,NA
"Denmark",16.75,54.607
"Denmark",16.755,54.191
"India",16.815,NA
"Denmark",16.972,62.369
"India",17.09,6117.748
"India",17.09,12572.453
"India",17.09,13285.824
"India",17.09,13634.676
"India",17.09,20020.485
"India",17.09,21090.507
"India",17.09,21397.506
"India",17.09,22290.797
"India",17.09,24091.469
"India",17.09,NA
"Denmark",17.186,50.948
"India",17.192,NA
"India",17.206,NA
"India",17.256,NA
"Denmark",17.432,67.666
"India",17.504,19492.691
"India",17.563,NA
"India",17.706,NA
"India",17.784,NA
"India",18.112,20952.201
"Denmark",18.252,31.009
"Denmark",18.252,32.152
"Denmark",18.252,33.172
"Denmark",18.252,34.039
"Denmark",18.252,34.739
"Denmark",18.252,35.445
"Denmark",18.252,36.809
"Denmark",18.252,39.096
"Denmark",18.252,41.533
"Denmark",18.252,42.231
"Denmark",18.252,43.056
"Denmark",18.252,43.359
"Denmark",18.252,43.403
"Denmark",18.252,43.522
"Denmark",18.252,43.646
"Denmark",18.252,45.026
"Denmark",18.252,45.029
"Denmark",18.252,45.544
"Denmark",18.252,46.517
"Denmark",18.252,47.162
"Denmark",18.252,47.422
"Denmark",18.252,48.07
"Denmark",18.252,48.139
"Denmark",18.252,49.743
"Denmark",18.252,49.918
"Denmark",18.252,50.317
"Denmark",18.252,50.904
"Denmark",18.252,53.64
"Denmark",18.252,53.733
"Denmark",18.252,53.883
"Denmark",18.252,53.887
"Denmark",18.252,54.157
"Denmark",18.252,54.162
"Denmark",18.252,55.441
"Denmark",18.252,56.59
"Denmark",18.252,57.39
"Denmark",18.252,57.499
"Denmark",18.252,57.994
"Denmark",18.252,58.435
"Denmark",18.252,58.546
"Denmark",18.252,59.035
"Denmark",18.252,59.126
"Denmark",18.252,59.244
"Denmark",18.252,59.727
"Denmark",18.252,59.818
"Denmark",18.252,59.963
"Denmark",18.252,60.003
"Denmark",18.252,60.063
"Denmark",18.252,60.083
"Denmark",18.252,60.087
"Denmark",18.252,60.175
"Denmark",18.252,60.18
"Denmark",18.252,60.349
"Denmark",18.252,60.552
"Denmark",18.252,60.652
"Denmark",18.252,61.065
"Denmark",18.252,61.182
"Denmark",18.252,61.213
"Denmark",18.252,61.363
"Denmark",18.252,61.366
"Denmark",18.252,61.437
"Denmark",18.252,61.446
"Denmark",18.252,61.454
"Denmark",18.252,61.464
"Denmark",18.252,61.555
"Denmark",18.252,61.611
"Denmark",18.252,61.803
"Denmark",18.252,61.808
"Denmark",18.252,61.826
"Denmark",18.252,61.88
"Denmark",18.252,61.932
"Denmark",18.252,62.004
"Denmark",18.252,62.023
"Denmark",18.252,62.025
"Denmark",18.252,62.124
"Denmark",18.252,62.229
"Denmark",18.252,62.283
"Denmark",18.252,62.337
"Denmark",18.252,62.362
"Denmark",18.252,62.37
"Denmark",18.252,62.387
"Denmark",18.252,62.391
"Denmark",18.252,62.427
"Denmark",18.252,62.459
"Denmark",18.252,62.462
"Denmark",18.252,62.663
"Denmark",18.252,62.677
"Denmark",18.252,62.704
"Denmark",18.252,62.852
"Denmark",18.252,62.998
"Denmark",18.252,63.192
"Denmark",18.252,63.247
"Denmark",18.252,63.269
"Denmark",18.252,63.555
"Denmark",18.252,63.612
"Denmark",18.252,63.75
"Denmark",18.252,63.811
"Denmark",18.252,63.836
"Denmark",18.252,64.199
"Denmark",18.252,64.215
"Denmark",18.252,64.258
"Denmark",18.252,64.458
"Denmark",18.252,64.607
"Denmark",18.252,64.804
"Denmark",18.252,64.84
"Denmark",18.252,65.108
"Denmark",18.252,65.112
"Denmark",18.252,65.524
"Denmark",18.252,65.537
"Denmark",18.252,65.561
"Denmark",18.252,66.376
"Denmark",18.252,67.308
"Denmark",18.252,68.112
"Denmark",18.252,69.238
"Denmark",18.252,69.944
"Denmark",18.252,71.377
"Denmark",18.252,71.971
"Denmark",18.252,72.115
"Denmark",18.252,73.12
"Denmark",18.252,74.862
"Denmark",18.252,75.305
"Denmark",18.252,75.974
"Denmark",18.252,76.029
"Denmark",18.252,76.957
"Denmark",18.252,79.896
"Denmark",18.252,80.951
"Denmark",18.252,81.237
"Denmark",18.252,81.709
"Denmark",18.252,82.576
"Denmark",18.252,82.922
"Denmark",18.252,83.077
"Denmark",18.252,83.75
"Denmark",18.252,83.959
"Denmark",18.252,85.106
"Denmark",18.252,89.677
"Denmark",18.252,92.562
"Denmark",18.252,93.9
"Denmark",18.252,98.873
"Denmark",18.252,99.598
"Denmark",18.252,99.644
"Denmark",18.252,100.441
"Denmark",18.252,104.408
"Denmark",18.252,112.039
"Denmark",18.252,118.624
"Denmark",18.252,NA
"Denmark",18.252,NA
"Denmark",18.252,NA
"Denmark",18.252,NA
"Denmark",18.252,NA
"Denmark",18.252,NA
"Denmark",18.252,NA
"Denmark",18.252,NA
"Denmark",18.252,NA
"Denmark",18.252,NA
"Denmark",18.252,NA
"Denmark",18.252,NA
"Denmark",18.252,NA
"Denmark",18.252,NA
"Denmark",18.252,NA
"Denmark",18.252,NA
"Denmark",18.252,NA
"Denmark",18.252,NA
"Denmark",18.252,NA
"Denmark",18.252,NA
"Denmark",18.252,NA
"Denmark",18.252,NA
"Denmark",18.252,NA
"Denmark",18.252,NA
"Denmark",18.252,NA
"Denmark",18.252,NA
"Denmark",18.252,NA
"Denmark",18.252,NA
"Denmark",18.252,NA
"Denmark",18.252,NA
"Denmark",18.252,NA
"Denmark",18.252,NA
"Denmark",18.252,NA
"Denmark",18.252,NA
"Denmark",18.252,NA
"Denmark",18.252,NA
"Denmark",18.252,NA
"Denmark",18.252,NA
"Denmark",18.252,NA
"Denmark",18.252,NA
"Denmark",18.252,NA
"Denmark",18.252,NA
"Denmark",18.252,NA
"Denmark",18.252,NA
"Denmark",18.252,NA
"Denmark",18.252,NA
"Denmark",18.252,NA
"Denmark",18.252,NA
"Denmark",18.252,NA
"Denmark",18.252,NA
"Denmark",18.252,NA
"Denmark",18.252,NA
"Denmark",18.252,NA
"Denmark",18.252,NA
"Denmark",18.252,NA
"Denmark",18.252,NA
"Denmark",18.252,NA
"Denmark",18.252,NA
"Denmark",18.252,NA
"Denmark",18.252,NA
"Denmark",18.252,NA
"Denmark",18.252,NA
"Denmark",18.252,NA
"Denmark",18.252,NA
"Denmark",18.253,NA
"Denmark",18.253,NA
"Denmark",18.253,NA
"Denmark",18.253,NA
"Denmark",18.253,NA
"Denmark",18.253,NA
"Denmark",18.253,NA
"Denmark",18.253,NA
"Denmark",18.253,NA
"Denmark",18.253,NA
"Denmark",18.253,NA
"Denmark",18.253,NA
"Denmark",18.253,NA
"Denmark",18.253,NA
"Denmark",18.253,NA
"Denmark",18.253,NA
"India",18.262,7315.744
"India",18.262,14091.363
"India",18.262,14760.811
"India",18.262,15108.563
"India",18.262,21325.84
"India",18.262,22429.684
"India",18.262,22707.332
"India",18.262,23497.517
"India",18.262,25191.741
"India",18.262,NA
"India",18.27,NA
"India",18.411,NA
"Denmark",18.491,74.443
"India",18.529,NA
"India",18.596,18392.334
"India",18.788,NA
"India",18.846,NA
"India",18.901,NA
"Denmark",18.982,62.458
"India",19.014,NA
"India",19.016,5302.855
"India",19.016,12451.385
"India",19.016,13618.802
"India",19.016,14185.81
"India",19.016,22198.183
"India",19.016,23133.592
"India",19.016,23797.177
"India",19.016,25296.497
"India",19.016,27754.594
"India",19.016,NA
"India",19.347,NA
"India",19.464,NA
"India",19.483,8601.022
"India",19.483,15956.652
"India",19.483,16592.876
"India",19.483,16940.315
"India",19.483,23067.891
"India",19.483,24240.011
"India",19.483,24482.687
"India",19.483,25206.962
"India",19.483,27273.133
"India",19.483,NA
"India",19.5,19207.075
"India",19.674,NA
"Denmark",19.713,53.777
"India",19.835,20271.815
"India",19.835,22944.613
"India",19.835,22954.114
"India",19.835,22979.085
"India",19.835,23772.029
"India",19.835,24026.875
"India",19.835,24036.824
"India",19.835,24045.433
"India",19.835,25636.682
"India",19.835,NA
"India",19.843,NA
"India",19.856,NA
"India",19.955,NA
"India",20.034,NA
"India",20.322,19777.188
"India",20.774,9929.879
"India",20.774,18120.744
"India",20.774,18725.083
"India",20.774,19067.439
"India",20.774,25140.939
"India",20.774,26401.609
"India",20.774,26593.44
"India",20.774,27282.427
"India",20.774,30280.728
"India",20.774,NA
"India",20.792,16196.526
"India",20.792,17267.042
"India",20.914,NA
"India",20.923,19036.088
"India",21.411,NA
"India",21.433,NA
"India",21.449,19783.339
"India",21.449,24530.778
"India",21.449,24569.293
"India",21.449,24662.364
"India",21.449,26226.527
"India",21.449,26761.001
"India",21.449,26796.995
"India",21.449,26803.017
"India",21.45,29355.526
"India",21.45,NA
"India",21.508,NA
"India",21.77,22135.935
"India",21.77,23840.898
"India",21.879,NA
"India",21.972,25197.134
"India",22.031,NA
"India",22.153,11717.21
"India",22.153,20451.596
"India",22.153,20999.085
"India",22.153,21326.167
"India",22.153,27084.309
"India",22.153,28406.08
"India",22.153,28529.463
"India",22.153,29167.496
"India",22.153,32928.26
"India",22.153,NA
"India",22.31,NA
"India",22.334,NA
"India",22.644,NA
"India",22.983,19520.091
"India",22.983,26021.684
"India",22.983,26107.519
"India",22.983,26288.817
"India",22.983,28617.466
"India",22.983,29417.555
"India",22.983,29472.145
"India",22.983,29514.593
"India",22.983,32694.948
"India",22.983,NA
"India",23.101,NA
"India",23.158,27642.284
"India",23.351,NA
"Denmark",23.541,70.099
"India",23.642,14176.802
"India",23.642,22750.882
"India",23.642,23190.025
"India",23.642,23486.749
"India",23.642,28622.992
"India",23.642,29943.718
"India",23.642,29985.121
"India",23.642,30523.727
"India",23.642,34205.261
"India",23.642,NA
"India",23.793,NA
"India",24.14,NA
"India",24.169,NA
"India",24.238,26065.415
"Denmark",24.277,67.72
"India",24.339,NA
"India",24.353,25489.969
"India",24.392,NA
"India",24.423,NA
"India",24.452,20115.113
"India",24.452,27073.635
"India",24.452,27218.837
"India",24.452,27476.308
"India",24.452,30624.279
"India",24.452,31657.524
"India",24.452,31713.918
"India",24.452,31827.31
"India",24.452,34322.561
"India",24.452,NA
"India",24.62,NA
"India",24.777,27265.805
"India",24.816,22010.003
"India",24.816,23860.317
"India",24.85,NA
"India",25.089,33587.95
"India",25.249,30484.558
"India",25.256,17561.992
"India",25.256,25240.395
"India",25.256,25509.457
"India",25.256,25772.5
"India",25.256,29874.795
"India",25.256,31088.762
"India",25.256,31100.008
"India",25.256,31434.879
"India",25.256,34263.002
"India",25.256,NA
"India",25.424,NA
"India",25.56,34182.718
"India",25.706,34961.706
"India",25.791,NA
"India",25.864,19840.758
"India",25.864,26919.713
"India",25.864,27122.948
"India",25.864,27437.195
"India",25.864,31204.117
"India",25.864,32382.348
"India",25.864,32442.451
"India",25.864,32626.825
"India",25.864,34405.139
"India",25.864,NA
"India",25.96,NA
"India",26.116,NA
"India",26.119,NA
"India",26.152,35357.241
"India",26.181,NA
"India",26.294,NA
"India",26.503,NA
"India",26.907,NA
"India",27.012,20940.805
"India",27.012,28201.483
"India",27.012,28336.22
"India",27.012,28574.81
"India",27.012,31881.43
"India",27.012,32976.708
"India",27.012,33001.126
"India",27.012,33134.259
"India",27.012,35731.634
"India",27.012,NA
"India",27.019,NA
"India",27.029,39153.984
"India",27.106,36822.867
"India",27.186,NA
"India",27.222,19418.138
"India",27.222,26496.684
"India",27.222,26770.469
"India",27.222,27136.097
"India",27.222,31409.668
"India",27.222,32605.299
"India",27.222,32741.588
"India",27.222,32942.203
"India",27.222,34123.071
"India",27.222,NA
"India",27.61,NA
"India",27.706,NA
"India",27.73,NA
"India",27.783,NA
"Denmark",28.135,92.98
"India",28.185,NA
"India",28.187,NA
"India",28.304,38386.604
"India",28.442,NA
"India",28.452,6702.345
"India",28.452,17158.595
"India",28.452,18878.122
"India",28.452,19709.06
"India",28.452,32927.238
"India",28.452,34623.055
"India",28.452,35691.062
"India",28.452,38079.816
"India",28.452,40978.429
"India",28.452,NA
"India",28.521,NA
"India",28.526,18505.928
"India",28.526,26852.562
"India",28.526,27305.697
"India",28.526,27733.041
"India",28.526,33123.622
"India",28.526,34464.101
"India",28.526,34648.418
"India",28.526,35049.601
"India",28.526,37009.703
"India",28.526,NA
"India",28.619,NA
"India",28.744,NA
"India",28.758,NA
"India",28.912,24462.892
"India",28.912,32629.675
"India",28.912,32718.365
"India",28.912,32933.114
"India",28.912,35864.137
"India",28.912,36888.035
"India",28.912,36942.414
"India",28.912,36988.3
"India",28.912,40974.124
"India",28.912,NA
"India",29.02,44139.519
"India",29.303,NA
"India",29.366,NA
"India",29.41,NA
"India",29.445,NA
"Denmark",29.607,116.498
"India",29.728,NA
"India",29.77,16805.051
"India",29.77,27168.2
"India",29.77,27878.827
"India",29.77,28388.319
"India",29.77,35436.677
"India",29.77,36995.823
"India",29.77,37257.851
"India",29.77,37965.935
"India",29.77,41455.837
"India",29.77,NA
"Denmark",29.897,80.006
"India",29.904,40072.262
"India",29.905,NA
"Denmark",30.001,44.893
"Denmark",30.001,46.023
"Denmark",30.001,47.517
"Denmark",30.001,49.404
"Denmark",30.001,51.161
"Denmark",30.001,52.686
"Denmark",30.001,53.734
"Denmark",30.001,54.857
"Denmark",30.001,57.069
"Denmark",30.001,60.708
"Denmark",30.001,64.909
"Denmark",30.001,66.006
"Denmark",30.001,66.096
"Denmark",30.001,67.708
"Denmark",30.001,68.703
"Denmark",30.001,70.247
"Denmark",30.001,70.736
"Denmark",30.001,71.324
"Denmark",30.001,71.513
"Denmark",30.001,71.896
"Denmark",30.001,74.063
"Denmark",30.001,76.773
"Denmark",30.001,77.975
"Denmark",30.001,79.145
"Denmark",30.001,81.754
"Denmark",30.001,82.115
"Denmark",30.001,82.532
"Denmark",30.001,83.554
"Denmark",30.001,88.022
"Denmark",30.001,88.242
"Denmark",30.001,89.996
"Denmark",30.001,90.058
"Denmark",30.001,91.406
"Denmark",30.001,91.498
"Denmark",30.001,91.56
"Denmark",30.001,92.709
"Denmark",30.001,92.753
"Denmark",30.001,92.802
"Denmark",30.001,93.85
"Denmark",30.001,93.982
"Denmark",30.001,94
"Denmark",30.001,94.027
"Denmark",30.001,94.101
"Denmark",30.001,94.21
"Denmark",30.001,94.588
"Denmark",30.001,94.875
"Denmark",30.001,95.007
"Denmark",30.001,95.188
"Denmark",30.001,95.617
"Denmark",30.001,95.89
"Denmark",30.001,95.993
"Denmark",30.001,96.171
"Denmark",30.001,96.249
"Denmark",30.001,96.547
"Denmark",30.001,96.576
"Denmark",30.001,96.741
"Denmark",30.001,96.858
"Denmark",30.001,96.863
"Denmark",30.001,97.062
"Denmark",30.001,97.132
"Denmark",30.001,97.272
"Denmark",30.001,97.412
"Denmark",30.001,97.485
"Denmark",30.001,97.621
"Denmark",30.001,97.645
"Denmark",30.001,97.65
"Denmark",30.001,97.679
"Denmark",30.001,97.692
"Denmark",30.001,97.788
"Denmark",30.001,97.837
"Denmark",30.001,98.062
"Denmark",30.001,98.152
"Denmark",30.001,98.166
"Denmark",30.001,98.239
"Denmark",30.001,98.301
"Denmark",30.001,98.388
"Denmark",30.001,98.52
"Denmark",30.001,98.677
"Denmark",30.001,98.928
"Denmark",30.001,99.042
"Denmark",30.001,99.056
"Denmark",30.001,99.869
"Denmark",30.001,99.971
"Denmark",30.001,100.036
"Denmark",30.001,100.25
"Denmark",30.001,100.261
"Denmark",30.001,100.665
"Denmark",30.001,100.776
"Denmark",30.001,101.009
"Denmark",30.001,101.144
"Denmark",30.001,101.174
"Denmark",30.001,101.235
"Denmark",30.001,101.624
"Denmark",30.001,101.664
"Denmark",30.001,101.856
"Denmark",30.001,101.87
"Denmark",30.001,102.22
"Denmark",30.001,102.223
"Denmark",30.001,102.258
"Denmark",30.001,102.262
"Denmark",30.001,102.52
"Denmark",30.001,102.742
"Denmark",30.001,102.746
"Denmark",30.001,102.831
"Denmark",30.001,103.867
"Denmark",30.001,104.93
"Denmark",30.001,105.499
"Denmark",30.001,105.942
"Denmark",30.001,107.345
"Denmark",30.001,108.051
"Denmark",30.001,108.705
"Denmark",30.001,109.435
"Denmark",30.001,112.298
"Denmark",30.001,113.243
"Denmark",30.001,115.174
"Denmark",30.001,117.114
"Denmark",30.001,117.248
"Denmark",30.001,117.682
"Denmark",30.001,118.655
"Denmark",30.001,120.022
"Denmark",30.001,120.346
"Denmark",30.001,121.34
"Denmark",30.001,125.054
"Denmark",30.001,128.338
"Denmark",30.001,129.097
"Denmark",30.001,130.418
"Denmark",30.001,130.562
"Denmark",30.001,131.431
"Denmark",30.001,132.512
"Denmark",30.001,134.669
"Denmark",30.001,142.182
"Denmark",30.001,146.913
"Denmark",30.001,147.497
"Denmark",30.001,147.861
"Denmark",30.001,148.21
"Denmark",30.001,156.631
"Denmark",30.001,157.731
"Denmark",30.001,158.069
"Denmark",30.001,159.159
"Denmark",30.001,165.731
"Denmark",30.001,178.123
"Denmark",30.001,188.915
"Denmark",30.001,194.639
"Denmark",30.001,196.597
"Denmark",30.001,NA
"Denmark",30.001,NA
"Denmark",30.001,NA
"Denmark",30.001,NA
"Denmark",30.001,NA
"Denmark",30.001,NA
"Denmark",30.001,NA
"Denmark",30.001,NA
"Denmark",30.001,NA
"Denmark",30.001,NA
"Denmark",30.001,NA
"Denmark",30.001,NA
"Denmark",30.001,NA
"Denmark",30.001,NA
"Denmark",30.001,NA
"Denmark",30.001,NA
"Denmark",30.001,NA
"Denmark",30.001,NA
"Denmark",30.001,NA
"Denmark",30.001,NA
"Denmark",30.001,NA
"Denmark",30.001,NA
"Denmark",30.001,NA
"Denmark",30.001,NA
"Denmark",30.001,NA
"Denmark",30.001,NA
"Denmark",30.001,NA
"Denmark",30.001,NA
"Denmark",30.001,NA
"Denmark",30.001,NA
"Denmark",30.001,NA
"Denmark",30.001,NA
"Denmark",30.001,NA
"Denmark",30.001,NA
"Denmark",30.001,NA
"Denmark",30.001,NA
"Denmark",30.001,NA
"Denmark",30.001,NA
"Denmark",30.001,NA
"Denmark",30.001,NA
"Denmark",30.001,NA
"Denmark",30.001,NA
"Denmark",30.001,NA
"Denmark",30.001,NA
"Denmark",30.001,NA
"Denmark",30.001,NA
"Denmark",30.001,NA
"Denmark",30.001,NA
"Denmark",30.001,NA
"Denmark",30.001,NA
"Denmark",30.001,NA
"Denmark",30.001,NA
"Denmark",30.001,NA
"Denmark",30.001,NA
"Denmark",30.001,NA
"Denmark",30.001,NA
"Denmark",30.001,NA
"Denmark",30.001,NA
"Denmark",30.001,NA
"Denmark",30.001,NA
"Denmark",30.001,NA
"Denmark",30.001,NA
"Denmark",30.001,NA
"Denmark",30.001,NA
"Denmark",30.001,NA
"Denmark",30.001,NA
"Denmark",30.001,NA
"Denmark",30.001,NA
"Denmark",30.001,NA
"Denmark",30.001,NA
"Denmark",30.001,NA
"Denmark",30.001,NA
"Denmark",30.001,NA
"Denmark",30.001,NA
"Denmark",30.001,NA
"Denmark",30.001,NA
"Denmark",30.001,NA
"Denmark",30.001,NA
"Denmark",30.001,NA
"Denmark",30.001,NA
"India",30.109,NA
"Denmark",30.15,110.087
"India",30.208,NA
"India",30.465,NA
"India",30.546,NA
"India",30.55,NA
"India",30.594,NA
"India",30.753,NA
"India",30.767,NA
"India",30.821,7924.881
"India",30.821,19600.531
"India",30.821,21380.572
"India",30.821,22242.481
"India",30.821,36082.2
"India",30.821,37951.92
"India",30.821,38992.002
"India",30.821,41387.962
"India",30.821,44999.229
"India",30.821,NA
"Denmark",30.888,115.287
"India",30.945,37421.185
"India",30.945,37472.896
"India",30.945,37642.221
"India",30.945,40000.633
"India",30.945,40823.753
"India",30.945,40880.167
"India",30.945,40908.067
"India",30.945,44772.463
"India",30.946,15577.371
"India",30.946,27311.044
"India",30.946,28245.585
"India",30.946,28845.02
"India",30.946,30173.92
"India",30.946,37246.003
"India",30.946,38934.571
"India",30.946,39327.756
"India",30.946,40267.723
"India",30.946,44586.975
"India",30.946,NA
"India",30.946,NA
"Denmark",31.103,115.107
"India",31.187,47775.41
"Denmark",31.24,108.685
"India",31.267,NA
"Denmark",31.322,100.941
"Denmark",31.44,118.547
"India",31.534,NA
"India",31.723,NA
"India",31.838,NA
"India",32.041,14713.79
"India",32.041,26897.653
"India",32.041,28010.193
"India",32.041,28687.011
"India",32.041,38211.299
"India",32.041,39951.859
"India",32.041,40477.551
"India",32.041,41603.852
"India",32.041,45537.28
"India",32.041,NA
"India",32.054,40077.984
"India",32.366,NA
"Denmark",32.641,91.46
"India",32.688,NA
"India",32.798,NA
"India",32.903,NA
"India",32.916,9287.101
"India",32.916,21981.111
"India",32.916,23772.936
"India",32.916,24646.464
"India",32.916,38814.317
"India",32.916,40832.138
"India",32.916,41809.725
"India",32.916,44155.225
"India",32.916,48379.089
"India",32.916,NA
"India",33.029,NA
"India",33.033,14086.468
"India",33.033,26132.181
"India",33.033,27398.004
"India",33.033,28141.06
"India",33.033,38570.684
"India",33.033,40317.294
"India",33.033,40965.847
"India",33.033,42269.436
"India",33.033,45239.528
"India",33.033,NA
"India",33.04,NA
"India",33.069,36397.324
"India",33.069,41197.257
"India",33.069,41213.405
"India",33.069,41285.159
"India",33.069,42682.056
"India",33.069,43140.521
"India",33.069,43157.431
"India",33.069,43201.926
"India",33.069,46029.777
"India",33.069,NA
"India",33.148,50371.919
"Denmark",33.383,124.272
"India",33.523,NA
"India",33.653,NA
"Denmark",33.657,100.931
"Denmark",33.664,145.172
"India",33.791,NA
"India",33.865,NA
"India",33.896,13228.868
"India",33.896,25415.679
"India",33.896,26855.173
"India",33.896,27661.714
"India",33.896,39061.064
"India",33.896,40838.058
"India",33.896,41598.261
"India",33.896,43152.798
"India",33.896,45988.64
"India",33.896,NA
"Denmark",33.902,148.719
"India",33.976,NA
"Denmark",34,116.7
"India",34.239,NA
"India",34.254,NA
"Denmark",34.28,104.594
"India",34.42,NA
"Denmark",34.426,129.712
"India",34.58,52822.783
"India",34.591,12106.272
"India",34.591,24794.167
"India",34.591,26441.671
"India",34.591,27313.393
"India",34.591,40018.825
"India",34.591,41876.163
"India",34.591,42749.594
"India",34.591,44662.232
"India",34.591,48094.749
"India",34.591,NA
"India",34.745,24188.984
"India",34.745,25922.893
"India",34.745,26788.238
"India",34.745,40842.835
"India",34.745,42942.908
"India",34.745,43836.387
"India",34.745,46022.952
"India",34.745,50227.669
"India",34.745,NA
"India",34.746,10904.663
"India",34.892,NA
"India",34.987,NA
"India",35.018,NA
"India",35.072,10951.471
"India",35.072,24204.801
"India",35.072,26067.324
"India",35.072,27009.236
"India",35.072,41002.249
"India",35.072,42945.772
"India",35.072,43952.205
"India",35.072,46249.949
"India",35.072,50537.254
"India",35.072,NA
"Denmark",35.073,132.409
"India",35.095,42917.624
"India",35.116,22118.165
"India",35.116,24255.509
"India",35.116,25305.745
"India",35.116,42840.149
"India",35.116,44130.556
"India",35.116,46963.874
"India",35.116,51098.594
"India",35.116,NA
"India",35.116,NA
"India",35.117,8969.707
"India",35.117,40907.671
"India",35.141,NA
"India",35.17,44746.912
"India",35.273,9888.938
"India",35.273,23332.074
"India",35.273,25363.474
"India",35.273,26367.894
"India",35.273,41380.978
"India",35.273,43351.739
"India",35.273,44505.672
"India",35.273,47117.238
"India",35.273,51660.603
"India",35.273,NA
"India",35.446,NA
"Denmark",35.51,111.946
"Denmark",35.569,120.022
"India",35.643,NA
"India",35.815,NA
"India",35.875,NA
"India",35.976,NA
"India",36.076,NA
"India",36.107,NA
"India",36.109,NA
"Denmark",36.138,102.562
"India",36.231,55365.829
"India",36.237,NA
"India",36.256,NA
"India",36.318,12846.516
"India",36.318,26365.607
"India",36.318,27986.255
"India",36.318,28834.335
"India",36.318,42257.855
"India",36.318,44378.005
"India",36.318,45187.823
"India",36.318,47111.155
"India",36.318,50833.846
"India",36.318,NA
"India",36.358,NA
"India",36.37,NA
"India",36.376,NA
"India",36.412,NA
"India",36.516,NA
"India",36.533,NA
"India",36.568,NA
"India",36.571,NA
"Denmark",36.586,58.717
"Denmark",36.586,60.657
"Denmark",36.586,62.82
"Denmark",36.586,65.013
"Denmark",36.586,66.701
"Denmark",36.586,68.286
"Denmark",36.586,69.381
"Denmark",36.586,72.406
"Denmark",36.586,76.637
"Denmark",36.586,81.749
"Denmark",36.586,83.161
"Denmark",36.586,83.748
"Denmark",36.586,85.434
"Denmark",36.586,86.354
"Denmark",36.586,86.979
"Denmark",36.586,87.16
"Denmark",36.586,87.507
"Denmark",36.586,88.484
"Denmark",36.586,89.568
"Denmark",36.586,90.448
"Denmark",36.586,94.947
"Denmark",36.586,96.552
"Denmark",36.586,99.887
"Denmark",36.586,100.109
"Denmark",36.586,100.162
"Denmark",36.586,100.858
"Denmark",36.586,101.875
"Denmark",36.586,104.721
"Denmark",36.586,107.525
"Denmark",36.586,111.333
"Denmark",36.586,113.159
"Denmark",36.586,113.287
"Denmark",36.586,113.291
"Denmark",36.586,115.176
"Denmark",36.586,115.306
"Denmark",36.586,116.461
"Denmark",36.586,116.463
"Denmark",36.586,116.565
"Denmark",36.586,117.853
"Denmark",36.586,118.036
"Denmark",36.586,118.221
"Denmark",36.586,118.383
"Denmark",36.586,118.406
"Denmark",36.586,118.509
"Denmark",36.586,118.752
"Denmark",36.586,118.972
"Denmark",36.586,119.102
"Denmark",36.586,119.358
"Denmark",36.586,119.569
"Denmark",36.586,120.151
"Denmark",36.586,120.449
"Denmark",36.586,120.495
"Denmark",36.586,120.639
"Denmark",36.586,120.776
"Denmark",36.586,121.139
"Denmark",36.586,121.214
"Denmark",36.586,121.306
"Denmark",36.586,121.313
"Denmark",36.586,121.476
"Denmark",36.586,121.523
"Denmark",36.586,121.765
"Denmark",36.586,121.926
"Denmark",36.586,121.933
"Denmark",36.586,121.933
"Denmark",36.586,122.022
"Denmark",36.586,122.087
"Denmark",36.586,122.28
"Denmark",36.586,122.548
"Denmark",36.586,122.638
"Denmark",36.586,122.643
"Denmark",36.586,122.802
"Denmark",36.586,122.817
"Denmark",36.586,122.879
"Denmark",36.586,123.093
"Denmark",36.586,123.114
"Denmark",36.586,123.14
"Denmark",36.586,123.23
"Denmark",36.586,123.274
"Denmark",36.586,123.289
"Denmark",36.586,123.322
"Denmark",36.586,123.621
"Denmark",36.586,123.775
"Denmark",36.586,123.955
"Denmark",36.586,124.462
"Denmark",36.586,124.51
"Denmark",36.586,124.555
"Denmark",36.586,125.249
"Denmark",36.586,125.26
"Denmark",36.586,125.306
"Denmark",36.586,125.583
"Denmark",36.586,125.685
"Denmark",36.586,125.71
"Denmark",36.586,126.442
"Denmark",36.586,126.511
"Denmark",36.586,126.95
"Denmark",36.586,127.308
"Denmark",36.586,127.622
"Denmark",36.586,127.67
"Denmark",36.586,127.805
"Denmark",36.586,128.048
"Denmark",36.586,128.072
"Denmark",36.586,128.458
"Denmark",36.586,128.595
"Denmark",36.586,129.039
"Denmark",36.586,129.211
"Denmark",36.586,129.235
"Denmark",36.586,130.748
"Denmark",36.586,131.607
"Denmark",36.586,132.661
"Denmark",36.586,133.292
"Denmark",36.586,136.55
"Denmark",36.586,136.779
"Denmark",36.586,139.144
"Denmark",36.586,140.459
"Denmark",36.586,142.062
"Denmark",36.586,142.435
"Denmark",36.586,143.337
"Denmark",36.586,144.392
"Denmark",36.586,147.452
"Denmark",36.586,148.7
"Denmark",36.586,150.264
"Denmark",36.586,151.584
"Denmark",36.586,157.273
"Denmark",36.586,158.308
"Denmark",36.586,159.451
"Denmark",36.586,160.542
"Denmark",36.586,161.475
"Denmark",36.586,163.243
"Denmark",36.586,163.6
"Denmark",36.586,164.275
"Denmark",36.586,165.611
"Denmark",36.586,168.281
"Denmark",36.586,177.44
"Denmark",36.586,183.213
"Denmark",36.586,184.379
"Denmark",36.586,185.308
"Denmark",36.586,195.831
"Denmark",36.586,197.077
"Denmark",36.586,197.236
"Denmark",36.586,198.464
"Denmark",36.586,206.715
"Denmark",36.586,221.729
"Denmark",36.586,235.185
"Denmark",36.586,241.899
"Denmark",36.586,NA
"Denmark",36.586,NA
"Denmark",36.586,NA
"Denmark",36.586,NA
"Denmark",36.586,NA
"Denmark",36.586,NA
"Denmark",36.586,NA
"Denmark",36.586,NA
"Denmark",36.586,NA
"Denmark",36.586,NA
"Denmark",36.586,NA
"Denmark",36.586,NA
"Denmark",36.586,NA
"Denmark",36.586,NA
"Denmark",36.586,NA
"Denmark",36.586,NA
"Denmark",36.586,NA
"Denmark",36.586,NA
"Denmark",36.586,NA
"Denmark",36.586,NA
"Denmark",36.586,NA
"Denmark",36.586,NA
"Denmark",36.586,NA
"Denmark",36.586,NA
"Denmark",36.586,NA
"Denmark",36.586,NA
"Denmark",36.586,NA
"Denmark",36.586,NA
"Denmark",36.586,NA
"Denmark",36.586,NA
"Denmark",36.586,NA
"Denmark",36.586,NA
"Denmark",36.586,NA
"Denmark",36.586,NA
"Denmark",36.586,NA
"Denmark",36.586,NA
"Denmark",36.586,NA
"Denmark",36.586,NA
"Denmark",36.586,NA
"Denmark",36.586,NA
"Denmark",36.586,NA
"Denmark",36.586,NA
"Denmark",36.586,NA
"Denmark",36.586,NA
"Denmark",36.586,NA
"Denmark",36.586,NA
"Denmark",36.586,NA
"Denmark",36.586,NA
"Denmark",36.586,NA
"Denmark",36.586,NA
"Denmark",36.586,NA
"Denmark",36.586,NA
"Denmark",36.586,NA
"Denmark",36.586,NA
"Denmark",36.586,NA
"Denmark",36.586,NA
"Denmark",36.586,NA
"Denmark",36.586,NA
"Denmark",36.586,NA
"Denmark",36.586,NA
"Denmark",36.586,NA
"Denmark",36.586,NA
"Denmark",36.586,NA
"Denmark",36.586,NA
"Denmark",36.586,NA
"Denmark",36.586,NA
"Denmark",36.586,NA
"Denmark",36.586,NA
"Denmark",36.586,NA
"Denmark",36.586,NA
"Denmark",36.586,NA
"Denmark",36.586,NA
"Denmark",36.586,NA
"Denmark",36.586,NA
"Denmark",36.586,NA
"Denmark",36.586,NA
"Denmark",36.586,NA
"Denmark",36.586,NA
"Denmark",36.586,NA
"Denmark",36.586,NA
"India",36.688,NA
"Denmark",36.734,106.547
"India",36.817,NA
"Denmark",36.867,118.836
"India",36.889,NA
"India",36.903,NA
"India",36.942,NA
"India",36.964,NA
"India",37.012,NA
"India",37.02,NA
"India",37.03,NA
"India",37.039,39351.096
"India",37.039,44539.671
"India",37.039,44558.357
"India",37.039,44635.064
"India",37.039,46146.122
"India",37.039,46640.251
"India",37.039,46659.819
"India",37.039,46705.894
"India",37.039,49765.337
"India",37.039,NA
"India",37.152,NA
"India",37.164,NA
"India",37.215,NA
"India",37.225,NA
"India",37.245,NA
"Denmark",37.34,126.457
"India",37.406,NA
"India",37.429,NA
"India",37.481,NA
"India",37.59,NA
"India",37.645,14838.422
"India",37.645,28575.032
"India",37.645,30059.433
"India",37.645,30884.943
"India",37.645,43648.769
"India",37.645,45780.21
"India",37.645,46514.14
"India",37.645,48161.423
"India",37.645,51415.764
"India",37.645,NA
"India",37.801,NA
"India",38.123,NA
"India",38.213,NA
"India",38.239,NA
"India",38.256,NA
"India",38.339,56680.789
"India",38.371,NA
"India",38.372,NA
"India",38.395,NA
"India",38.492,36754.942
"India",38.492,45575.251
"India",38.492,45646.419
"India",38.492,45875.766
"India",38.492,48725.549
"India",38.492,49718.849
"India",38.492,49796.487
"India",38.492,49847.084
"India",38.492,54537.608
"India",38.493,NA
"India",38.581,NA
"India",38.706,NA
"India",38.733,16758.078
"India",38.733,31117.972
"India",38.733,32488.311
"India",38.733,33289.683
"India",38.733,45518.518
"India",38.733,47716.163
"India",38.733,48363.722
"India",38.733,49817.249
"India",38.733,53547.364
"India",38.733,NA
"India",38.771,NA
"India",38.776,51280.836
"India",38.841,NA
"India",38.883,NA
"India",39.07,NA
"India",39.197,NA
"India",39.205,NA
"India",39.352,NA
"Denmark",39.534,134.984
"India",39.541,34272.694
"India",39.541,51657.873
"India",39.541,51820.744
"India",39.541,57404.986
"India",39.541,NA
"India",39.542,45694.915
"India",39.542,45838.986
"India",39.542,46187.867
"India",39.542,50246.182
"India",39.542,51788.548
"India",39.589,18523.082
"India",39.589,33848.307
"India",39.589,35108.804
"India",39.589,35875.16
"India",39.589,47535.149
"India",39.589,49823.045
"India",39.589,50357.524
"India",39.589,51678.314
"India",39.589,56939.5
"India",39.589,NA
"Denmark",39.713,102.601
"India",39.824,NA
"India",40.012,NA
"India",40.174,NA
"India",40.213,20651.473
"India",40.213,36177.594
"India",40.213,37276.485
"India",40.213,37983.922
"India",40.213,48753.302
"India",40.213,51062.693
"India",40.213,51457.613
"India",40.213,52615.116
"India",40.213,58691.453
"India",40.213,NA
"India",40.242,32292.687
"India",40.242,43481.526
"India",40.242,43697.108
"India",40.242,44119.956
"India",40.242,49164.383
"India",40.242,50844.489
"India",40.242,50945.105
"India",40.242,51096.577
"India",40.242,55101.529
"India",40.242,NA
"India",40.528,NA
"India",40.539,NA
"India",40.56,NA
"India",40.602,23575.338
"India",40.602,50925.198
"India",40.602,52079.882
"India",40.602,57559.909
"India",40.602,NA
"India",40.603,37995.316
"India",40.603,38854.312
"India",40.603,39480.251
"India",40.603,48712.014
"India",40.603,51167.549
"India",40.634,40833.001
"India",40.634,41135.573
"India",40.634,41615.576
"India",40.634,47325.193
"India",40.635,30091.397
"India",40.635,49119.014
"India",40.635,49214.76
"India",40.635,49482.984
"India",40.635,52180.02
"India",40.635,NA
"Denmark",40.727,117.858
"India",40.745,NA
"India",40.747,27267.685
"India",40.748,39414.916
"India",40.748,39952.488
"India",40.748,40495.39
"India",40.748,47720.178
"India",40.748,49684.431
"India",40.748,49837.496
"India",40.748,50367.569
"India",40.748,53933.587
"India",40.748,NA
"India",41.058,NA
"India",41.348,NA
"India",41.503,NA
"India",42.531,NA
"India",43.425,NA
"India",43.612,NA
